{
  "name": "",
  "css_prefix_text": "icon-",
  "css_use_suffix": false,
  "hinting": true,
  "units_per_em": 1000,
  "ascent": 850,
  "glyphs": [
    {
      "uid": "5d2d07f112b8de19f2c0dbfec3e42c05",
      "css": "spin",
      "code": 59448,
      "src": "fontelico"
    },
    {
      "uid": "cb13afd4722a849d48056540bb74c47e",
      "css": "play",
      "code": 59393,
      "src": "entypo"
    },
    {
      "uid": "130380e481a7defc690dfb24123a1f0c",
      "css": "circle",
      "code": 61713,
      "src": "fontawesome"
    }
  ]
}